{
  "A_full_hybrid": {
    "f1": 0.9761092150170648,
    "auc": 0.9980775855363315,
    "acc": 0.9766666666666667,
    "edge_case_f1": 0.8627450980392157
  },
  "B_tabular_only": {
    "f1": 0.9732441471571907,
    "auc": 0.9974553010856642,
    "acc": 0.9733333333333334,
    "edge_case_f1": 0.8596491228070176
  },
  "C_text_only": {
    "f1": 0.6202723146747352,
    "auc": 0.6232289895656233,
    "acc": 0.5816666666666667,
    "edge_case_f1": 0.35797665369649806
  },
  "D_concat_no_gate": {
    "f1": 0.9688013136288999,
    "auc": 0.9987443188763321,
    "acc": 0.9683333333333334,
    "edge_case_f1": 0.848
  },
  "E_frozen_text": {
    "f1": 0.9747048903878583,
    "auc": 0.9985887477636652,
    "acc": 0.975,
    "edge_case_f1": 0.8623853211009175
  },
  "F_no_xgb_encode": {
    "f1": 0.9593220338983051,
    "auc": 0.9963663032969964,
    "acc": 0.96,
    "edge_case_f1": 0.7735849056603774
  }
}