{
  "BiLSTM + Attention": {
    "Lost": {
      "precision": 0.8526632302405498,
      "recall": 0.79288995406431,
      "f1-score": 0.8216909862361585,
      "support": 10014.0
    },
    "Won": {
      "precision": 0.8059505988023952,
      "recall": 0.8626076507109954,
      "f1-score": 0.8333172100222501,
      "support": 9986.0
    },
    "accuracy": 0.8277,
    "macro avg": {
      "precision": 0.8293069145214724,
      "recall": 0.8277488023876527,
      "f1-score": 0.8275040981292043,
      "support": 20000.0
    },
    "weighted avg": {
      "precision": 0.8293396133634793,
      "recall": 0.8277,
      "f1-score": 0.8274959597725541,
      "support": 20000.0
    }
  },
  "BiLSTM + GloVe": {
    "Lost": {
      "precision": 0.8661850334267845,
      "recall": 0.8021769522668264,
      "f1-score": 0.8329531314807134,
      "support": 10014.0
    },
    "Won": {
      "precision": 0.815308595935111,
      "recall": 0.8757260164229922,
      "f1-score": 0.8444380069524913,
      "support": 9986.0
    },
    "accuracy": 0.8389,
    "macro avg": {
      "precision": 0.8407468146809478,
      "recall": 0.8389514843449093,
      "f1-score": 0.8386955692166023,
      "support": 20000.0
    },
    "weighted avg": {
      "precision": 0.840782428187192,
      "recall": 0.8389,
      "f1-score": 0.8386875298037721,
      "support": 20000.0
    }
  }
}