{
  "BiLSTM + Attention": {
    "Accuracy": 0.8277,
    "Precision": 0.8059505988023952,
    "Recall": 0.8626076507109954,
    "F1": 0.8333172100222501,
    "ROC-AUC": 0.9101518988977217,
    "AP": 0.906599441105028
  },
  "BiLSTM + GloVe": {
    "Accuracy": 0.8389,
    "Precision": 0.815308595935111,
    "Recall": 0.8757260164229922,
    "F1": 0.8444380069524913,
    "ROC-AUC": 0.922870088825374,
    "AP": 0.9208037980809636
  }
}