{
  "BiLSTM_GloVe": {
    "train_loss": [
      0.6954272552596198,
      0.6676835708618164,
      0.4701310562027825,
      0.41665556836128237,
      0.3835142395761278
    ],
    "train_acc": [
      0.49956944444444445,
      0.5515694444444444,
      0.7783333333333333,
      0.8109861111111111,
      0.8292916666666666
    ],
    "val_loss": [
      0.6930427103042602,
      0.48613843965530396,
      0.40174053406715393,
      0.3720366950035095,
      0.3558368591070175
    ],
    "val_acc": [
      0.49925,
      0.773,
      0.818625,
      0.834,
      0.841
    ],
    "lr": [
      0.0005,
      0.0005,
      0.0005,
      0.0005,
      0.0005
    ]
  }
}