{"Accuracy":{"Logistic Regression":0.9634,"Random Forest":0.9594},"Precision":{"Logistic Regression":0.9504478193,"Random Forest":0.9453398058},"Recall":{"Logistic Regression":0.9776687362,"Random Forest":0.9750650911},"F1":{"Logistic Regression":0.963866127,"Random Forest":0.9599723948},"ROC-AUC":{"Logistic Regression":0.9956901316,"Random Forest":0.9950793654},"AP":{"Logistic Regression":0.9957212734,"Random Forest":0.99512736}}