{"accuracy":{"Logistic Regression":0.9634,"Random Forest":0.9594},"precision":{"Logistic Regression":0.9504478193,"Random Forest":0.9453398058},"recall":{"Logistic Regression":0.9776687362,"Random Forest":0.9750650911},"f1":{"Logistic Regression":0.963866127,"Random Forest":0.9599723948},"roc_auc":{"Logistic Regression":0.9956901316,"Random Forest":0.9950793654},"training_time":{"Logistic Regression":0.341078043,"Random Forest":699.7803080082}}